num;duration;routeLength;CO2;fuel
16;19.9;181.31;82636.895161;35.522053
